{"actions":[],"apps":[{"acl":{"app":[],"field":[],"record":[]},"app":null,"category":{"categories":[],"useCategory":"false"},"form":{"layout":"[{\"id\":null,\"type\":\"ROW\",\"isSubTable\":false,\"var\":null,\"label\":null,\"controlList\":[{\"isVirtical\":true,\"styleMap\":{\"width\":315},\"type\":\"SINGLE_LINE_TEXT\",\"var\":\"タイトル\",\"label\":\"タイトル\"},{\"isVirtical\":true,\"styleMap\":{\"width\":232},\"type\":\"SINGLE_LINE_TEXT\",\"var\":\"isbn\",\"label\":\"ISBN\"}]},{\"id\":null,\"type\":\"ROW\",\"isSubTable\":false,\"var\":null,\"label\":null,\"controlList\":[{\"styleMap\":{\"width\":299,\"height\":306},\"elementId\":\"detail\",\"type\":\"SPACER\"}]}]","revision":null},"iconMeta":null,"info":{"automaticallyChooseTitleComponent":"true","code":null,"decimalPrecision":"16","decimalScale":"4","description":"\u003Cdiv\u003E\u003Cbr /\u003E\u003C/div\u003E","enableBulkDeletion":"false","fiscalYearStartMonth":"4","iconKey":"APP39","iconType":"PRESET","jsFiles":null,"jsScope":"ALL","name":"お気に入り書籍情報共有","roundingMode":"HALF_EVEN","theme":"PLAIN","titleComponentLocalId":null,"useComment":"true","useHistory":"true","useThumbnail":"true"},"jsFiles":[],"notification":{"appNotifications":[{"events":["RECORD_COMMENT_ADDED"],"target":{"entityId":"5524546","entityType":"FIELD_ENTITY","includeSubs":"false"}},{"events":["RECORD_COMMENT_ADDED"],"target":{"entityId":"5524547","entityType":"FIELD_ENTITY","includeSubs":"false"}}],"recordNotifications":[],"reminderTimezone":null,"reminders":[],"useComment":"true","useReminder":"false"},"plugin":{"pluginIds":["khgjmbgjdcpdggnomfoagmpajgjjjacm"]},"reports":[],"resource":{"tables":[{"rows":[{"fields":[],"objectId":"0","subObjectId":"-1"}],"type":"AppName"},{"rows":[{"fields":[],"objectId":"0","subObjectId":"-1"}],"type":"AppDescription"},{"rows":[{"fields":[],"objectId":"5524545","subObjectId":"-1"},{"fields":[],"objectId":"5524546","subObjectId":"-1"},{"fields":[],"objectId":"5524547","subObjectId":"-1"},{"fields":[],"objectId":"5524548","subObjectId":"-1"},{"fields":[],"objectId":"5524549","subObjectId":"-1"},{"fields":[],"objectId":"5524550","subObjectId":"-1"},{"fields":[],"objectId":"5524551","subObjectId":"-1"},{"fields":[],"objectId":"5524552","subObjectId":"-1"},{"fields":[],"objectId":"5524553","subObjectId":"-1"},{"fields":[],"objectId":"5524556","subObjectId":"-1"}],"type":"FieldLabel"},{"rows":[{"fields":[],"objectId":"5524558","subObjectId":"-1"},{"fields":[],"objectId":"5524559","subObjectId":"-1"},{"fields":[],"objectId":"20","subObjectId":"-1"}],"type":"ViewName"}]},"schema":{"groups":[],"revision":null,"subTable":{},"table":{"fieldList":{"5524545":{"id":"5524545","label":"レコード番号","properties":{"noLabel":"false","required":"true"},"type":"RECORD_ID","var":"レコード番号"},"5524546":{"id":"5524546","label":"更新者","properties":{"noLabel":"false","required":"true"},"type":"MODIFIER","var":"更新者"},"5524547":{"id":"5524547","label":"作成者","properties":{"noLabel":"false","required":"true"},"type":"CREATOR","var":"作成者"},"5524548":{"id":"5524548","label":"更新日時","properties":{"noLabel":"false","required":"true"},"type":"MODIFIED_AT","var":"更新日時"},"5524549":{"id":"5524549","label":"作成日時","properties":{"noLabel":"false","required":"true"},"type":"CREATED_AT","var":"作成日時"},"5524550":{"id":"5524550","label":"ステータス","properties":{"noLabel":"false","required":"false"},"type":"STATUS","var":"ステータス"},"5524551":{"id":"5524551","label":"作業者","properties":{"noLabel":"false","required":"false"},"type":"STATUS_ASSIGNEE","var":"作業者"},"5524552":{"id":"5524552","label":"カテゴリー","properties":{"noLabel":"false","required":"false"},"type":"CATEGORY","var":"カテゴリー"},"5524553":{"id":"5524553","label":"ISBN","properties":{"defaultValue":"","expression":"","hideExpression":"false","max":"64","min":null,"noLabel":"false","required":"true","unique":"true"},"type":"SINGLE_LINE_TEXT","var":"isbn"},"5524556":{"id":"5524556","label":"タイトル","properties":{"defaultValue":"","expression":"","hideExpression":"false","max":null,"min":null,"noLabel":"false","required":"true","unique":"false"},"type":"SINGLE_LINE_TEXT","var":"タイトル"}},"id":"1","label":"__ROOT__","properties":{"noLabel":"true"},"type":"TABLE","var":"__ROOT__"}},"status":{"actions":[],"filters":[],"initialStateId":null,"states":[],"useStatus":"false"},"uuid":"d4eab485-ec59-45de-8b87-783d37fc74de","views":[{"advancedMode":"false","builtinType":null,"device":null,"fields":[{"row":[{"columnWidth":null,"id":"5524556"},{"columnWidth":null,"id":"5524553"},{"columnWidth":null,"id":"5524548"}]}],"filter":{"category":null,"offset":null,"order":["DESC"],"q":null,"size":null,"sort":["f5524545"]},"html":null,"keyFieldId":null,"name":"書籍一覧","pager":null,"revision":null,"titleFieldId":null,"view":"5524558","viewType":"LIST"},{"advancedMode":"false","builtinType":null,"device":"DESKTOP","fields":[{"row":[]}],"filter":{"category":null,"offset":null,"order":["DESC"],"q":null,"size":null,"sort":["f5524545"]},"html":"\u003Cdiv id=\"bookshare-plugin-view\"\u003E\n\u003C/div\u003E","keyFieldId":null,"name":"サムネイル付き一覧","pager":"true","revision":null,"titleFieldId":null,"view":"5524559","viewType":"CUSTOM"},{"advancedMode":null,"builtinType":"ALL","device":null,"fields":[{"row":[{"columnWidth":null,"id":"5524545"},{"columnWidth":null,"id":"5524553"},{"columnWidth":null,"id":"5524556"}]}],"filter":{"category":null,"offset":null,"order":[],"q":null,"size":null,"sort":[]},"html":null,"keyFieldId":null,"name":"（すべて）","pager":null,"revision":null,"titleFieldId":null,"view":"20","viewType":"LIST"}]}],"description":"","iconKey":"20200617062724BAE7567AC1084FC89FBCBC415EFE1D0A162","iconMeta":{"internalName":null,"mime":"image/png","name":"iconfinder_booklet_1055108.png"},"iconSrcAppId":null,"iconType":"BLOB","imagesMeta":[],"lookups":[],"name":"お気に入り書籍情報共有アプリ","references":[],"version":"31"}